name,minutes,icpsr
donald trump,"232,676",99912
barack obama,"128,166",99911
hillary clinton,"46,362",40105
joe biden,"34,132",14101
mike huckabee,"31,217",S2AR00032
mitt romney,"28,435",41902
bernie sanders,"25,668",29147
newt gingrich,"23,840",14627
mike pence,"22,085",20117
nancy pelosi,"19,776",15448
ted cruz,"19,226",41304
paul ryan,"18,376",29939
nicolle wallace,"17,721",
adam schiff,"17,625",20104
rick santorum,"16,401",29141
eugene robinson,"16,151",
john mccain,"16,035",15039
david gregory,"15,664",
lindsey graham,"15,358",29566
chris christie,"15,179",NJ90695
michael steele,"14,778",S6MD03201
john boehner,"14,589",29137
marco rubio,"14,368",41102
rand paul,"13,906",41104
sean spicer,"13,877",
bill clinton,"13,833",99909
john r bolton,"12,911",
david gergen,"12,883",
robert mueller,"12,831",
elizabeth warren,"12,793",41301
mitch mcconnell,"12,338",14921
christopher michael cillizza,"11,824",
rudy giuliani,"11,462",P00003251
andrew cuomo,"11,429",NY13066
jason chaffetz,"11,387",20949
james comey,"11,367",
john kasich,"11,043",15030
david corn,"10,726",
kirsten powers,"10,262",
mike barnicle,"10,255",
david axelrod,"9,936",
vladimir putin,"9,670",
jonathan capehart,"9,639",
ben carson,"9,601",C00548420  
anita decker breckenridge,"9,317",
jeb bush,"9,244",FL3310
han bennink,"9,171",
robert costa,"8,985",
kamala harris,"8,881",41701
chuck schumer,"8,613",14858
michele bachmann,"8,456",20728
howard fineman,"8,407",
kellyanne conway,"8,374",
john kerry,"8,364",14920
catherine herridge,"8,318",
dan bongino,"8,167",H6FL19095
a b stoddard,"8,123",
sarah palin,"7,925",
jenna lee,"7,923",
kim jong-un,"7,891",
cory booker,"7,818",41308
ana navarro,"7,803",
karen finney,"7,733",
paul begala,"7,661",
pete buttigieg,"7,587",
herman cain,"7,547",P00003608
mike pompeo,"7,485",21136
stephen moore,"7,379",
karlheinz kopf,"7,322",
michael d cohen,"7,303",H4CT03025
kayleigh mcenany,"7,287",
reince priebus,"7,130",WI128222
eric swalwell,"6,851",21306
jerrold nadler,"6,763",29377
peter t king,"6,744",29375
jon meacham,"6,715",
ezra klein,"6,707",
juliette kayyem,"6,624",
anthony s fauci,"6,614",
kevin mccarthy,"6,604",20703
alan dershowitz,"6,577",
april ryan,"6,537",
william kristol,"6,523",
george w bush,"6,486",99910
carl cameron,"6,462",
david chalian,"6,462",
michael t flynn,"6,430",H6MI10185
ryan lizza,"6,293",
ben ferguson,"6,175",
jay carney,"6,086",
jeff lord,"5,982",
douglas schoen,"5,962",H2NY08013
ed rendell,"5,952",PA6810
benjamin netanyahu,"5,946",
amy klobuchar,"5,917",40700
richard blumenthal,"5,914",41101
devin nunes,"5,886",20307
trey gowdy,"5,814",21175
george zimmerman,"5,741",H4MI04142
scott walker,"5,730",H6DE00214
darrell issa,"5,653",20107
ron paul,"5,652",14290
steve schmidt,"5,625",H0TX24027
luke russert,"5,605",
ann coulter,"5,576",
howard dean,"5,534",P40002214
kennedy,"5,449",
chris coons,"5,437",40916
bakari sellers,"5,368",SC7837
charles hurt,"5,334",TN114074
joan walsh,"5,287",
stephen f hayes,"5,260",
larry sabato,"5,257",
elijah cummings,"5,256",29587
jim jordan,"5,226",20738
john harwood,"5,174",
jeremy bash,"5,142",
chris van hollen,"5,131",20330
josh earnest,"5,088",
paul manafort,"5,075",
jonathan alter,"5,032",
anthony scaramucci,"5,009",
john o brennan,"4,854",
michael bloomberg,"4,845",C00431528
carl bernstein,"4,816",
eric holder,"4,803",
pat buchanan,"4,798",P80000805
bernard goldberg,"4,797",
tim kaine,"4,794",41305
jay sekulow,"4,783",
brett kavanaugh,"4,781",
eliot spitzer,"4,736",NY19490
douglas brinkley,"4,730",
dennis miller,"4,726",
e j dionne,"4,724",
heather nauert,"4,724",
harry reid,"4,718",15054
marc lamont hill,"4,679",H4TX08014
mark steyn,"4,668",
carly fiorina,"4,663",S0CA00330
isabel gemio,"4,659",
bill de blasio,"4,657",nyc326
jamie colby,"4,629",
donna brazile,"4,618",
angela rye,"4,599",
william devane,"4,543",
rick perry,"4,539",P20003281
mary katharine ham,"4,528",
claire mccaskill,"4,524",40701
michelle obama,"4,482",
austan goolsbee,"4,475",
malcolm nance,"4,468",
john barrasso,"4,450",40707
chris murphy,"4,389",SC142654
rick wilson,"4,387",H0MI05063  
michael eric dyson,"4,320",
james clapper,"4,318",
richard n haass,"4,301",
richard wolffe,"4,269",VT122740
dick morris,"4,257",
richard a fowler,"4,229",
allen west,"4,225",21119
david ignatius,"4,216",
john dean,"4,184",
sebastian gorka,"4,173",
touré,"4,155",
john kirby,"4,148",MT77682
eric cantor,"4,136",20144
david frum,"4,121",
michael isikoff,"4,095",
robert gibbs,"4,079",21165
james rosen,"4,063",
steve scalise,"4,044",20759
robert baer,"4,042",
jim clyburn,"4,040",39301
jared kushner,"4,036",
dianne feinstein,"4,029",49300
james carville,"3,978",
isha sesay,"3,961",
jack kingston,"3,950",29338
dzhokhar a tsarnaev,"3,938",
melania trump,"3,920",
jason a johnson,"3,919",
ken cuccinelli,"3,908",VA7162
dana loesch,"3,847",
mark omara,"3,847",
steny hoyer,"3,845",14873
steven mnuchin,"3,842",
joe trippi,"3,831",
anthony weiner,"3,811",29926
joe manchin,"3,771",40915
jennifer rubin,"3,758",
michelle malkin,"3,749",
michael mcfaul,"3,729",
tom steyer,"3,709",
bob corker,"3,705",40705
haley barbour,"3,695",P80005291
leon panetta,"3,692",14444
sunny hostin,"3,669",
donald trump jr,"3,667",
mike baker,"3,647",WY11386
stephen k bannon,"3,643",
marie harf,"3,638",
susan page,"3,636",
rex w tillerson,"3,606",
debbie wasserman schultz,"3,577",20504
mark meadows,"3,563",21348
ralph peters,"3,532",ID137735
bob menendez,"3,530",29373
michael moore,"3,524",
kirsten gillibrand,"3,516",20735
erick erickson,"3,502",
corey lewandowski,"3,499",
brodus clay,"3,484",
charlie sykes,"3,476",
ron johnson,"3,445",41111
jonathan nolan,"3,434",
robert reich,"3,430",MA137920
michael hayden,"3,429",
matt gaetz,"3,427",21719
frances townsend,"3,424",
dana milbank,"3,417",
steven rattner,"3,413",
sherrod brown,"3,412",29389
hugh hewitt,"3,405",
keith morrison,"3,399",
amanda carpenter,"3,341",
jeffrey goldberg,"3,334",
susan rice,"3,333",
gordon g chang,"3,303",
hakeem jeffries,"3,303",21343
mike lee,"3,285",41110
susan collins,"3,267",49703
john cornyn,"3,262",40305
mollie hemingway,"3,247",
frank luntz,"3,242",
maxine waters,"3,237",29106
neera tanden,"3,231",
charlie dent,"3,217",
vadim gluzman,"3,207",
bob woodward,"3,194",
eddie glaude,"3,166",
mark warner,"3,163",40909
katrina pierson,"3,160",H4TX32022
ronald reagan,"3,155",99907
mercedes schlapp,"3,152",
david cay johnston,"3,143",
john garamendi,"3,120",20958
charles m blow,"3,109",
scott brown,"3,103",40913
katty kay,"3,098",
tom price,"3,098",20505
lori greiner,"3,096",
ron desantis,"3,094",21318
ben cardin,"3,092",15408
edward snowden,"3,091",
jvee casio,"3,081",
jennifer granholm,"3,077",MI14435
roger stone,"3,076",
max boot,"3,070",
john f kelly,"3,069",
jon stewart,"3,054",
beto orourke,"3,047",
nikki haley,"3,035",SC6845
rick scott,"3,034",S8FL00273
lis wiehl,"2,999",
cenk uygur,"2,997",
barney frank,"2,987",14824
julián castro,"2,975",
richard grenell,"2,965",
jeff flake,"2,960",20100
kathleen sebelius,"2,953",
angus king,"2,951",41300
patrick caddell,"2,941",
neal katyal,"2,935",
ben stein,"2,927",
harold ford jr,"2,898",29756
sheila jackson lee,"2,869",29573
frank bruni,"2,853",
joe theismann,"2,835",
tom cotton,"2,831",21301
tim williams,"2,826",
patti ann browne,"2,824",
margaret hoover,"2,812",
ryan mcdonough,"2,792",
benjamin crump,"2,789",
jen psaki,"2,787",
john thune,"2,774",29754
zoraida sambolin,"2,774",
jack cafferty,"2,769",
margaret nagle,"2,759",
jon huntsman jr,"2,739",
peter bergen,"2,737",
bill richardson,"2,727",N00024821  
josh barro,"2,725",
chuck grassley,"2,721",14226
jason miller,"2,719",
keith ellison,"2,715",20727
k t mcfarland,"2,700",
jim himes,"2,691",20907
jackie speier,"2,684",20762
bill maher,"2,677",
tim pawlenty,"2,667",P20002556
rush limbaugh,"2,666",
chuck hagel,"2,661",49704
joanne nosuchinsky,"2,644",
jacob soboroff,"2,643",
james mattis,"2,630",
george will,"2,629",
jonah goldberg,"2,623",
tom selleck,"2,622",
tim ryan,"2,619",20343
nicholas kristof,"2,615",
carlos lópez-cantera,"2,610",
fred thompson,"2,597",49503
ivanka trump,"2,595",
jackie kucinich,"2,583",
peter beinart,"2,573",
steve king,"2,568",20325
megalyn echikunwoke,"2,567",
joaquin castro,"2,547",21362
doug collins,"2,545",21323
tim scott,"2,534",21173
oliver north,"2,530",S4VA00056
david cicilline,"2,527",21172
hilary rosen,"2,517",
bob hope,"2,510",
maria timmer,"2,507",
drew pinsky,"2,499",
monika jaruzelska,"2,491",
bobby jindal,"2,486",20512
george h w bush,"2,484",99908
dean obeidallah,"2,476",
donna edwards,"2,465",20763
stephen colbert,"2,462",
ruth bader ginsburg,"2,457",
jimmy fallon,"2,456",
tom perez,"2,452",MD60913
ted lieu,"2,449",21507
steven clemons,"2,445",
felicity huffman,"2,441",
bob mcdonnell,"2,418",VA16891
john neely kennedy,"2,417",41703
jeff merkley,"2,412",40908
lee zeldin,"2,412",21539
david jolly,"2,404",21401
jim miklaszewski,"2,399",
jeh johnson,"2,386",
ruth marcus,"2,386",
mick mulvaney,"2,384",21176
sean duffy,"2,384",21189
mark mckinnon,"2,381",
keith boykin,"2,374",
louie gohmert,"2,355",20527
michael beschloss,"2,343",
mazie hirono,"2,326",20713
joe lieberman,"2,325",15704
buck sexton,"2,318",
orrin hatch,"2,317",14503
nina turner,"2,309",H2OH11151
liz macdonald,"2,305",
wendy walsh,"2,304",
jill dougherty,"2,303",
ben rhodes,"2,300",
kendis gibson,"2,272",
alex trebek,"2,269",
juliet huddy,"2,267",
dennis kucinich,"2,261",29748
steve cohen,"2,261",20748
karen bass,"2,243",21110
al franken,"2,229",40904
r nicholas burns,"2,224",
greg abbott,"2,214",TX11001
ron klain,"2,213",
john lewis,"2,210",15431
neil gorsuch,"2,209",
michiel veenstra,"2,205",
michael mccaul,"2,204",20530
david e sanger,"2,201",
john h sununu,"2,191",S0NH00045
mark zuckerberg,"2,186",
lisa bloom,"2,182",
dick cheney,"2,181",14611
charles rangel,"2,178",13035
titus welliver,"2,176",
lz granderson,"2,159",
luis gutiérrez,"2,150",29348
daniel samper ospina,"2,146",
loretta lynch,"2,145",
timothy naftali,"2,145",
marie osmond,"2,142",
david petraeus,"2,137",
dan rather,"2,135",
gary johnson,"2,129",S8NM00226
robert gates,"2,114",
bret stephens,"2,108",
ezekiel emanuel,"2,089",
rob portman,"2,079",29386
larry elder,"2,076",
dennis haysbert,"2,074",
rahm emanuel,"2,070",20323
thomas l friedman,"2,068",
tom coburn,"2,068",29555
mo brooks,"2,060",21193
devon weigel,"2,047",
preet bharara,"2,036",
ed markey,"2,035",14435
keith ablow,"2,033",
jan brewer,"2,025",AZ12022
amy holmes,"2,023",
antonin scalia,"2,008",
david bossie,"2,006",
julie roginsky,"2,002",
scottie nell hughes,"2,001",
osama bin laden,"1,999",
ron reagan,"1,998",FL7502
john nichols,"1,981",6918
alicia menendez,"1,978",
aaron david miller,"1,975",
dana white,"1,973",
lawrence kudlow,"1,973",
bill cosby,"1,970",
evan mcmullin,"1,969",
george foreman,"1,961",
martin omalley,"1,958",MD17771
richard stengel,"1,955",
dan lothian,"1,947",
tom frieden,"1,944",
john hickenlooper,"1,943",
patrick leahy,"1,931",14307
mark sanford,"1,928",29565
marisa tomei,"1,922",
adrienne janic,"1,918",
gloria allred,"1,911",
rutanya alda,"1,910",
earl hamner jr,"1,895",
sheldon whitehouse,"1,878",40704
jerry hoffmann,"1,873",
major garrett,"1,871",
val demings,"1,871",21713
ken starr,"1,868",
steve israel,"1,863",20129
debbie dingell,"1,859",21529
ilhan omar,"1,855",21950
james lankford,"1,855",21166
ashley monroe,"1,854",
peter navarro,"1,852",H6CA49029
tulsi gabbard,"1,838",21324
bill press,"1,830",S8CA00051
grover norquist,"1,830",
rob marciano,"1,822",
christopher r hill,"1,812",
steve forbes,"1,806",P60003852
jeffrey epstein,"1,798",
ben shapiro,"1,797",
anna coren,"1,796",
barbara lee,"1,795",29778
goldie taylor,"1,794",
susan candiotti,"1,791",
colin powell,"1,790",
michael nutter,"1,788",
david cameron,"1,786",
chuck woolery,"1,784",
xavier becerra,"1,782",29316
aji santoso,"1,774",
jim demint,"1,762",29936
xi jinping,"1,760",
donald sterling,"1,757",
sally kohn,"1,757",
andy biggs,"1,748",21705
wendy sherman,"1,748",
victor davis hanson,"1,741",
chris collins,"1,736",21345
marc morial,"1,736",H0LA02044
julian assange,"1,728",
michael weiss,"1,723",H8NV03168
tony blinken,"1,720",
james g stavridis,"1,712",
gregory meeks,"1,710",29776
ro khanna,"1,709",21728
rob oneill,"1,703",
ron fournier,"1,698",
joão mário,"1,696",
jay leno,"1,692",
roland martin,"1,688",
terry mcauliffe,"1,679",VA120807
john ratcliffe,"1,676",21549
ash carter,"1,674",
scott pruitt,"1,672",OK3798
kathy griffin,"1,671",
wendy davis,"1,671",
ann romney,"1,663",
christopher dickey,"1,657",
condoleezza rice,"1,657",
emmanuel macron,"1,656",
kelly ayotte,"1,653",41106
elena kagan,"1,646",
adam housley,"1,644",
barbara boxer,"1,642",15011
benjamin jealous,"1,640",
eric trump,"1,640",
glenn greenwald,"1,638",
nischelle turner,"1,638",
sevyn streeter,"1,638",
dan kildee,"1,637",21372
joe arpaio,"1,633",S8AZ00247
wayne lapierre,"1,627",
howard davies,"1,621",
pam bondi,"1,621",FL143730
deval patrick,"1,620",MA17948
richard nixon,"1,615",99904
bernard mcguirk,"1,613",
meghan mccain,"1,605",
jane harman,"1,602",29318
john yoo,"1,601",
bob casey jr,"1,600",40703
bram moszkowicz,"1,592",
david s rohde,"1,592",
kevin brady,"1,585",29760
pat toomey,"1,578",29935
william bratton,"1,577",
nancy grace,"1,572",
fred clark,"1,571",WI9905
bill cassidy,"1,569",20919
tony perkins,"1,567",
oprah winfrey,"1,566",
dan coats,"1,558",14806
mary matalin,"1,557",
sarah haskins,"1,556",
jimmy carter,"1,555",99906
nora berra,"1,554",
eliot engel,"1,551",15603
sam seder,"1,551",
mark geragos,"1,549",
roy blunt,"1,544",29735
brian fallon,"1,539",
matthew davis,"1,537",
chris stewart,"1,535",21367
bob goodlatte,"1,533",39308
will hurd,"1,533",21550
harvey levin,"1,522",
jesse jackson,"1,520",P40001018
pramila jayapal,"1,520",21726
ron wyden,"1,519",14871
david clarke,"1,516",
wesley clark,"1,513",P40002792
david plouffe,"1,512",
dinesh dsouza,"1,512",
l brent bozell jr,"1,510",
peter welch,"1,510",20750
gerry connolly,"1,505",20952
bashar al-assad,"1,503",
ed royce,"1,503",29321
mike murphy,"1,503",
amy walter,"1,498",
tom cole,"1,498",20344
ingrid van bergen,"1,496",
bill burton,"1,492",
marie l yovanovitch,"1,490",
doris kearns goodwin,"1,489",
alyssa milano,"1,482",
sharron davies,"1,482",
matt welch,"1,480",AZ25859
vittorio feltri,"1,474",
john f kennedy,"1,473",99902
peter schweizer,"1,470",
joe madison,"1,467",
donald rumsfeld,"1,463",10622
stephen miller,"1,462",6509
paz padilla,"1,458",
r james woolsey jr,"1,449",
wolter kroes,"1,447",
joseph s lacob,"1,442",
robby mook,"1,438",
o j simpson,"1,437",
joni ernst,"1,433",41502
rebecca berg,"1,431",TX413661
clarence page,"1,430",
henk poort,"1,428",
mahmoud ahmadinejad,"1,418",
mehmet oz,"1,418",
lisa murkowski,"1,416",40300
jennifer aniston,"1,414",
alex ferrer,"1,413",
emanuel cleaver,"1,413",20517
zuhdi jasser,"1,413",
jamie raskin,"1,407",MD8445
harvey weinstein,"1,403",
cate edwards,"1,402",
thomas mcguane,"1,400",
franklin graham,"1,398",
elizabeth gutiérrez,"1,397",
anne nurmi,"1,391",
al gore,"1,383",14423
michael mukasey,"1,381",
ana marie cox,"1,378",
katrina vanden heuvel,"1,377",
nina easton,"1,375",
ryan reynolds,"1,375",
richard burr,"1,373",29548
patty murray,"1,372",49308
michelle bernard,"1,362",
cory gardner,"1,359",21112
joseph crowley,"1,355",29925
seth moulton,"1,354",21525
christine odonnell,"1,344",
stanis?aw mikulski,"1,343",
gavin mcinnes,"1,340",
chrystia freeland,"1,339",
daniel pfeiffer,"1,338",
mark rathbun,"1,337",
andrew gillum,"1,335",
janet napolitano,"1,335",AZ4
debbie stabenow,"1,330",29732
john delaney,"1,325",21334
david weigel,"1,324",
attilio tesser,"1,323",
dann huff,"1,319",
theresa may,"1,319",
jacqueline bracamontes,"1,311",
roy moore,"1,305",AL137252
hassan rouhani,"1,304",
george pataki,"1,298",NY3737
pope francis,"1,287",
jes macallan,"1,286",
omarosa manigault,"1,285",
grzegorz braun,"1,283",
kevin chamberlin,"1,281",
agnes baltsa,"1,278",
arne duncan,"1,276",
tarique rahman,"1,273",
valerie jarrett,"1,268",
boris johnson,"1,267",
bernard kerik,"1,265",
norah odonnell,"1,262",
bo dietl,"1,261",H6NY06083
burghart klaussner,"1,261",
peggy noonan,"1,258",
brad wall,"1,257",
zane,"1,257",
bill nelson,"1,254",14651
jean-paul salomé,"1,252",
jose baez,"1,250",
jon cryer,"1,249",
ralph northam,"1,248",VA_CC-13-00001
angela merkel,"1,247",
gavin newsom,"1,244",CA142074
kathleen aerts,"1,242",
michael c burgess,"1,240",20355
theresa caputo,"1,240",
valérie lemercier,"1,240",
jack reed,"1,235",29142
cathy mcmorris rodgers,"1,232",20535
nomiki konst,"1,232",H2AZ08086
jay inslee,"1,230",29937
cecile richards,"1,224",
mark kelly,"1,219",
cornel west,"1,217",
peter hamby,"1,216",
mitch landrieu,"1,215",LA16100
marians pahars,"1,213",
benjamin e sasse,"1,208",41503
bill gates,"1,208",
betsy devos,"1,207",
mary bono,"1,205",29775
kris kobach,"1,200",H4KS03105
bob rae,"1,199",
joy bryant,"1,197",
charlie crist,"1,196",21712
arthur laffer,"1,194",S6CA00121
ian bremmer,"1,193",
john zarrella,"1,192",
jon kyl,"1,192",15429
norman lamb,"1,192",
ivan vladislavic,"1,191",
william cohen,"1,190",14010
jill biden,"1,187",
andrew card,"1,181",
mela lee,"1,181",
christophe hondelatte,"1,178",
jerome corsi,"1,178",
joe sestak,"1,178",20744
jon ralston,"1,178",
mark penn,"1,176",
andré bauer,"1,172",H2SC00020
sean patrick maloney,"1,172",21344
prince william duke of cambridge,"1,171",
chris hansen,"1,170",
jack quinn,"1,165",29381
phil mcgraw,"1,164",
seth godin,"1,162",
kevin hassett,"1,159",
john yarmuth,"1,156",20723
howard hesseman,"1,153",
joe walsh,"1,151",21126
karen tumulty,"1,151",
mark regev,"1,150",
jussie smollett,"1,149",
arnold schwarzenegger,"1,148",CA4450
william f weld,"1,148",S6MA00171
nigel farage,"1,146",
patrick murphy,"1,145",21319
mark cuban,"1,141",
michael reagan,"1,140",
lawrence s stroll,"1,134",
sarah chalke,"1,132",
arianna huffington,"1,131",CA27542
víctor trujillo,"1,127",
paul babeu,"1,123",H2AZ04127
tamara holder,"1,123",
bob costas,"1,121",
john podesta,"1,121",
dan senor,"1,117",
eric bristow,"1,114",
jeanne shaheen,"1,113",40906
timothy geithner,"1,113",
roger goodell,"1,112",
ronald perelman,"1,112",
scott rasmussen,"1,112",
anwar al-awlaki,"1,111",
oscar pistorius,"1,111",
john podhoretz,"1,110",
martha mcsally,"1,108",21501
mitch daniels,"1,108",IN5032
ted danson,"1,108",
jerry brown,"1,107",S2CA00088
thom tillis,"1,107",41504
licia albanese,"1,106",
david fahrenthold,"1,096",
kirsty wark,"1,096",
ron insana,"1,095",
toni garrido,"1,094",
mike jerrick,"1,093",
philip j crowley,"1,091",
alan oppenheimer,"1,087",
jim mcgovern,"1,087",29729
saxby chambliss,"1,086",29512
christian karembeu,"1,085",
hella joof,"1,085",
james risch,"1,084",40902
sherrod small,"1,083",
martin luther king jr,"1,080",
naomi,"1,079",
ytalo,"1,079",
joe arroyo,"1,075",
lamar alexander,"1,074",40304
wilbur ross,"1,074",
nelson mandela,"1,071",
liz cheney,"1,069",21710
tony blair,"1,069",
randi weingarten,"1,067",
rich eisen,"1,067",
rob ford,"1,065",
bouabdellah tahri,"1,063",
jonas max ferris,"1,063",
john edwards,"1,061",49902
dan patrick,"1,058",H4TX10127
laurence tribe,"1,057",
alex muyl,"1,056",
carolyn maloney,"1,054",29379
shefali oza,"1,054",
faith jenkins,"1,053",
michael weatherly,"1,049",
norman l eisen,"1,049",
jeffrey sachs,"1,048",
eleanor holmes norton,"1,047",H0DC00058
jorge ramos,"1,047",
dean cain,"1,041",
jennifer love hewitt,"1,041",
dakore akande,"1,040",
jim norton,"1,040",
rod blagojevich,"1,036",29716
josh hawley,"1,034",
jimmy kimmel,"1,033",
kevin martin,"1,032",
carlos curbelo,"1,031",21512
steve bullock,"1,027",1232
christine baranski,"1,026",
barbara bush,"1,024",
aisha hinds,"1,022",
beverley callard,"1,020",
mike gallagher,"1,020",21720
mia love,"1,018",21552
dennis murphy,"1,016",
cedric richmond,"1,015",21137
jelani cobb,"1,010",
jim inhofe,"1,010",15424
glenn thrush,"1,002",
michelle fields,"1,000",
jean charest,999,
mike papantonio,999,
kim dickens,998,
armaan kohli,997,
lois lerner,993,
shinz? abe,993,
jamal khashoggi,992,
mike turner,990,20342
tom reed,990,21101
conan obrien,988,
xosé luís méndez ferrín,986,
bowe bergdahl,985,
lars larson,985,
tavis smiley,983,
joan rivers,978,
alan grayson,977,20908
dave zirin,977,
david schmidtz,974,
michael grimm,971,21154
prince harry,971,
veronica de la cruz,971,
wael kfoury,971,
antonio villaraigosa,970,CA20319
evan bayh,969,10800
jeffrey donovan,969,
eric garcetti,967,
rebecca quick,965,
rick snyder,965,MI139374
tom ridge,965,15056
james gandolfini,963,
conrad murray,962,
charlie sheen,960,
jon tester,960,40702
dave brat,956,21553
jim mcdermott,956,15613
sara ganim,955,
stuart stevens,955,
anthony kennedy,954,5177
giselle itié,954,
kim zolciak,953,
dannel malloy,952,
frank rich,949,
andré carson,946,20757
rafael pardo rueda,946,
denis mcdonough,942,
jesse ventura,942,MN70456
roy walker,941,
william shatner,941,
bonnie schneider,940,
henry cuellar,940,20533
ted deutch,940,20959
radu beligan,939,
ron dermer,937,
heinz conrads,934,
rick warren,934,
gene sperling,933,
jonathan gruber,933,
jack lew,932,
richard belzer,930,
eleanor clift,924,
duncan d hunter,922,20963
julie walters,922,
alberto gonzales,921,
karl-heinz feldkamp,919,
ross douthat,918,
jeb hensarling,915,20352
mark leibovich,913,
george clooney,912,
marilyn mosby,912,
ralph reed,910,GA38441
aaron hernandez,909,
michael mullen,909,
kay bailey hutchison,908,49306
ed gillespie,907,S4VA00155
michael oren,905,
leigh-allyn baker,904,
trent franks,904,20304
zbigniew brzezinski,904,
joe klein,897,
raúl grijalva,895,20305
howard schultz,894,
nikki glaser,891,
alexander acosta,889,
walter isaacson,889,
celine dion,888,
tracy byrnes,888,
charlie pierce,887,
ted yoho,885,21317
bert koenders,883,
mike rounds,883,41505
johnny cash,882,
pete hoekstra,882,29361
vonda shepard,881,
currie graham,879,
donald norcross,878,21536
eric boehlert,878,
ruben gallego,875,21502
stephanie rawlings-blake,873,
jason rezaian,872,
sean penn,872,
david brooks,871,1072
kim coles,871,
loretta sanchez,871,29709
dennis prager,870,H2CA27065
tommy lee jones,869,
martha reeves,868,
montel williams,864,
rini soemarno,864,
asa hutchinson,863,29704
gretchen whitmer,863,MI20684
jessi cruickshank,863,
leleti khumalo,860,
orrin evans,859,
dave ramsey,858,
maciej koz?owski,858,
penn jillette,857,
seth meyers,857,
peter gilmore,853,
bianca berlinguer,846,
joan sanderson,846,
paige turco,846,
richard e besser,846,
scott taylor,845,21748
sinach,845,
bastiaan ragas,843,
bill nye,843,
jerome allen,840,
whoopi goldberg,840,
rob reiner,839,
sherrilyn ifill,839,
bruce gaitsch,838,
morgan radford,838,
lara logan,837,
john mica,836,29331
joel osteen,834,
madeleine albright,833,
chris plante,830,
gina carano,828,
beth carvalho,826,
michael wolff,826,
kristi noem,825,21177
j christopher stevens,822,
rikard norling,821,
aaron douglas,819,
gary cohn,818,
gonzalo rubalcaba,818,
adam smith,814,29768
brad sherman,814,29707
mohammad javad zarif,814,
yannis stournaras,814,
michael tomasky,813,
hamid karzai,809,
joe lockhart,809,
kimberly dozier,807,
recep tayyip erdo?an,807,
peter thiel,806,
francis rooney,805,21742
françois hollande,805,
frank j tipler,804,
prince seeiso of lesotho,803,
kaisei ichir?,802,
justin trudeau,801,
bert karlsson,800,
gerald washington,800,
james rubin,799,
sergey lavrov,799,
tamerlan tsarnaev,798,
ryan stout,797,
anthony cumia,795,
bucie,794,
al green,793,20529
laura bush,790,
patrick warburton,790,
brigitte gabriel,789,
huma abedin,789,
alan k simpson,787,14710
ramazan abdulatipov,785,
michael chiklis,784,
jay nixon,783,S8MO00012
roberto gatto,781,
mac thornberry,780,29572
james alan shelton,779,
kevin spacey,778,
jon culshaw,776,
norman ornstein,775,
david limbaugh,774,
zoe lofgren,774,29504
david shulkin,772,
mike johnson,772,21727
susanna reid,772,
estelle,771,
kevin rahm,771,
paul krugman,771,
fabio lanzoni,769,
george stephanopoulos,769,
tom mcclintock,769,20903
phil robertson,766,
matthew continetti,765,
jordan sekulow,764,
morgan freeman,764,
shirley sherrod,764,
george oleary,763,
nana mouskouri,761,
amanda knox,756,
moon jae-in,756,
willie brown,756,CA_CP1000686
dean norris,755,
joyce beatty,755,21352
samuel l jackson,755,
andy cohen,754,
mike quigley,752,20954
antoine fuqua,751,
ted strickland,749,29747
elena barolo,748,
stephen a smith,747,
ben bernanke,743,
jack welch,743,
reinhard bütikofer,743,
wylie dufresne,743,
mark wahlberg,740,
rick ungar,740,
shelby holliday,740,
aaron schock,739,20914
cornell william brooks,739,H8VA10049
elizabeth edwards,739,
judd gregg,739,14826
humphrey bogart,738,
pat quinn,738,
ana mato,737,
jim webb,736,40706
kim cattrall,734,
thierry frémaux,733,
eruviel ávila villegas,732,
katrin göring-eckardt,732,
tom hanks,731,
chesley sullenberger,730,
lacey chabert,730,
nidal hasan,730,
connell mcshane,729,
stanley a mcchrystal,729,
john yang,728,
jonathan karl,728,
qasem soleimani,726,
julieta zylberberg,724,
tammy baldwin,724,29940
steve gibson,723,MT78059
andrew breitbart,722,
angie harmon,722,
dave rubin,722,
ryan costello,722,21547
tamara keith,722,
chris dodd,721,14213
phi nhung,721,
salah abdeslam,721,
simona caparrini,721,
christel alsos,720,
henrique meirelles,717,
ellen ratner,715,
sharyl attkisson,714,
boomer esiason,713,
evelyn champagne king,713,
chelsea clinton,712,
ignasius jonan,707,
harald welzer,706,
fabian almazan,705,
greg raymer,702,
richard trumka,701,
martin luther king iii,700,
sally bercow,700,
brian schweitzer,699,S8MT00135
jennifer welter,698,
rob long,698,
simon pagenaud,698,
william d cohan,697,
muammar gaddafi,696,
alex jones,695,
seth macfarlane,695,
maria hinojosa,694,
samantha power,694,
pat mccrory,692,NC80941
dennis ross,691,21117
tony hayward,691,
tony schwartz,691,
abu bakr al-baghdadi,690,
ken paxton,690,TX7033
barry nelson,689,
eric shinseki,688,
beau biden,687,
tiger woods,687,
andrea begley,686,
michael medved,685,
jaime harrison,684,
kenneth rogoff,684,
pamela geller,684,
shelley moore capito,682,20146
alex maskey,681,
farhat hached,681,
timothy m dolan,681,
tina andrews,681,
franco foda,680,
jared polis,679,20904
linda lindorff,679,
mike tyson,679,
jim clancy,678,
robert korzeniowski,678,
erin cardillo,677,
eleni foureira,674,
jose antonio vargas,674,
dean heller,673,20730
hetty koes endang,673,
johnny rutherford,673,21744
dan povenmire,672,
janet jackson,672,
jill stein,672,P20003984
tina brown,672,
paula zahn,671,
leela samson,669,
raúl labrador,669,21125
salvatore adamo,669,
kelsey grammer,668,
mariah carey,666,
andrzej seweryn,665,
jaymay,665,
whitney houston,665,
adam carolla,664,
kate mara,663,
lloyd doggett,663,29571
martha stewart,663,
brad wenstrup,662,21351
daniela luján,661,
mehdi hasan,661,
nikol vantnerová,660,
salman khan,658,
will ferrell,658,
sharon gilchrist,657,
james p oneill,656,
terry schappert,655,
eric holcomb,654,
jim messina,654,
maud mulder,654,
anne-marie slaughter,653,
silvan zingg,653,
lawrence summers,652,
william h mcraven,651,
lincoln chafee,650,49905
felix magath,649,
ken blackwell,649,H4OH01026
kaylee hartung,648,
ken buck,646,21510
tom goodman-hill,646,
esko kovero,645,
jeff bezos,644,
jim maceda,642,
arthur caplan,640,
gilmar dal pozzo,640,
dean winters,639,
james fallows,639,
paulo roberto falcão,639,
travis ford,639,
anthony sullivan,638,
larry the cable guy,638,
matt bevin,638,
sara duterte,638,
tom rogan,637,
lawrence korb,636,
cynthia nixon,635,
mike coffman,635,20906
david brock,634,
ileana ros-lehtinen,634,15634
charles barkley,633,
jeff greenfield,633,MT14483
kokane,633,
philip d murphy,633,
justin amash,632,21143
kayla mueller,632,
eldar sætre,631,
amy matthews,630,
blanche lincoln,630,29305
danny danon,630,
todd starnes,630,
jeff hornacek,629,
barbara walters,628,
david linde,628,
john fugelsang,627,
lesley fera,626,
thorsten flinck,626,
jonathan chait,624,
zanele kamagwaza-msibi,624,
eric schneiderman,623,
jane fonda,623,
alan johnson,621,
diana degette,621,29710
jerry seinfeld,621,
lisa monaco,621,
roger schawinski,621,
faye tozer,620,
frank pallone,620,15454
magic johnson,620,
sam harris,619,
hayley westenra,618,
spike lee,618,
14th dalai lama,617,
amanda drury,615,
mary kissel,615,
casey johnson,614,
jillian michaels,614,
anton vaino,613,
david perdue,613,41501
marianne williamson,613,H4CA33085
robin williams,613,
sonia manzano,613,
martin crowe,612,
lebron james,611,
nick clegg,611,
ray lahood,611,29517
biz stone,610,
michael scheuer,610,
max hastings,609,
harry connick jr,608,
margot wallström,608,
jane lynch,607,
mohamed morsi,607,
rosie perez,606,
tyler perry,606,
christine todd whitman,605,S0NJ00019
ryan zinke,605,21532
tim wise,605,
diane black,604,21180
greg stumbo,604,KY19712
howard stern,604,
benjamin wittes,603,
emil gilels,603,
john hoeven,603,41107
mozhan marnò,603,
nora salinas,602,
rod roddenberry,602,
