name,is a news presenter?,total screen time (in minutes)
donald trump,,"232,676"
anderson cooper,CNN,"135,346"
barack obama,,"128,166"
don lemon,CNN,"89,302"
rachel maddow,MSNBC,"88,971"
sean hannity,FOXNEWS,"79,988"
chris matthews,MSNBC,"78,685"
tucker carlson,FOXNEWS,"71,802"
bill oreilly,FOXNEWS,"70,609"
joe scarborough,MSNBC,"69,035"
chris hayes,MSNBC,"62,679"
chris cuomo,CNN,"60,535"
brooke baldwin,CNN,"60,230"
wolf blitzer,CNN,"58,572"
greg gutfeld,FOXNEWS,"54,666"
neil cavuto,FOXNEWS,"54,429"
lawrence odonnell,MSNBC,"53,041"
mika brzezinski,MSNBC,"50,603"
megyn kelly,FOXNEWS,"49,471"
brian kilmeade,FOXNEWS,"47,090"
hillary clinton,,"46,362"
john berman,CNN,"45,520"
erin burnett,CNN,"42,726"
laura ingraham,FOXNEWS,"41,495"
martha maccallum,FOXNEWS,"41,444"
chuck todd,MSNBC,"40,435"
jeanine pirro,FOXNEWS,"38,550"
bret baier,FOXNEWS,"38,510"
ali velshi,"CNN, MSNBC","37,364"
shannon bream,FOXNEWS,"35,768"
ari melber,MSNBC,"34,453"
joe biden,,"34,132"
ed schultz,MSNBC,"33,995"
fredricka whitfield,CNN,"33,636"
dana perino,FOXNEWS,"32,895"
jake tapper,CNN,"32,033"
greta van susteren,"FOXNEWS, MSNBC","31,772"
mike huckabee,,"31,217"
john king,CNN,"30,030"
alisyn camerota,"CNN, FOXNEWS","28,938"
mitt romney,,"28,435"
andrea mitchell,MSNBC,"28,149"
brian williams,MSNBC,"27,916"
chris wallace,FOXNEWS,"27,364"
piers morgan,CNN,"27,280"
joy-ann reid,MSNBC,"26,902"
bill hemmer,"CNN, FOXNEWS","26,686"
steve doocy,FOXNEWS,"26,531"
juan williams,FOXNEWS,"26,527"
dana bash,CNN,"26,395"
steve kornacki,MSNBC,"26,189"
jesse watters,FOXNEWS,"25,910"
bernie sanders,,"25,668"
al sharpton,MSNBC,"24,965"
willie geist,MSNBC,"24,935"
ed henry,FOXNEWS,"24,604"
eric bolling,FOXNEWS,"24,589"
jim sciutto,CNN,"24,068"
newt gingrich,,"23,840"
kate bolduan,CNN,"23,812"
brianna keilar,CNN,"23,542"
shepard smith,FOXNEWS,"23,233"
sanjay gupta,CNN,"23,098"
mike pence,,"22,085"
harris faulkner,FOXNEWS,"22,046"
christine romans,CNN,"20,018"
nancy pelosi,,"19,776"
glenn beck,FOXNEWS,"19,645"
ted cruz,,"19,226"
jon scott,FOXNEWS,"19,188"
howard kurtz,"CNN, FOXNEWS","18,923"
jeffrey toobin,CNN,"18,829"
bob beckel,FOXNEWS,"18,758"
carol costello,CNN,"18,545"
karl rove,FOXNEWS,"18,502"
paul ryan,,"18,376"
ainsley earhardt,FOXNEWS,"18,072"
alex witt,MSNBC,"17,973"
charles krauthammer,FOXNEWS,"17,826"
chris jansing,MSNBC,"17,779"
nicolle wallace,,"17,721"
adam schiff,,"17,625"
michael smerconish,CNN,"17,621"
gloria borger,CNN,"17,614"
fareed zakaria,CNN,"16,966"
rick santorum,,"16,401"
jim acosta,CNN,"16,276"
eugene robinson,,"16,151"
gretchen carlson,FOXNEWS,"16,130"
john mccain,,"16,035"
kimberly guilfoyle,FOXNEWS,"15,877"
poppy harlow,CNN,"15,866"
andrew levy,CNN,"15,864"
geraldo rivera,FOXNEWS,"15,787"
david gregory,,"15,664"
lindsey graham,,"15,358"
katy tur,MSNBC,"15,225"
chris christie,,"15,179"
michael steele,,"14,778"
john boehner,,"14,589"
kristen welker,MSNBC,"14,404"
marco rubio,,"14,368"
rand paul,,"13,906"
sean spicer,,"13,877"
bill clinton,,"13,833"
brian stelter,CNN,"13,592"
melissa harris-perry,MSNBC,"13,524"
heather childers,FOXNEWS,"13,452"
ayman mohyeldin,MSNBC,"13,315"
craig melvin,MSNBC,"13,222"
john r bolton,,"12,911"
david gergen,,"12,883"
clayton morris,FOXNEWS,"12,840"
robert mueller,,"12,831"
elizabeth warren,,"12,793"
tamron hall,MSNBC,"12,386"
mitch mcconnell,,"12,338"
ashleigh banfield,CNN,"11,994"
thomas roberts,MSNBC,"11,932"
christopher michael cillizza,,"11,824"
van jones,CNN,"11,758"
brit hume,FOXNEWS,"11,651"
rudy giuliani,,"11,462"
andrew cuomo,,"11,429"
jason chaffetz,,"11,387"
james comey,,"11,367"
alex wagner,MSNBC,"11,348"
john kasich,,"11,043"
john heilemann,MSNBC,"11,008"
david corn,,"10,726"
andrea tantaros,FOXNEWS,"10,651"
stephanie ruhle,MSNBC,"10,434"
anthony bourdain,CNN,"10,364"
barbara starr,CNN,"10,289"
kirsten powers,,"10,262"
mike barnicle,,"10,255"
mark halperin,MSNBC,"10,094"
david axelrod,,"9,936"
vladimir putin,,"9,670"
jonathan capehart,,"9,639"
ben carson,,"9,601"
tom shillue,FOXNEWS,"9,420"
eric shawn,FOXNEWS,"9,337"
anita decker breckenridge,,"9,317"
jeb bush,,"9,244"
randi kaye,CNN,"9,174"
han bennink,,"9,171"
nic robertson,CNN,"9,015"
robert costa,,"8,985"
kamala harris,,"8,881"
candy crowley,CNN,"8,720"
andrew napolitano,FOXNEWS,"8,624"
chuck schumer,,"8,613"
kasie hunt,MSNBC,"8,566"
michele bachmann,,"8,456"
victor blackwell,CNN,"8,445"
steve hilton,FOXNEWS,"8,434"
howard fineman,,"8,407"
kellyanne conway,,"8,374"
john kerry,,"8,364"
jeff zeleny,CNN,"8,360"
catherine herridge,,"8,318"
dan bongino,,"8,167"
a b stoddard,,"8,123"
arthel neville,FOXNEWS,"7,992"
john roberts,"CNN, FOXNEWS","7,974"
hallie jackson,MSNBC,"7,972"
stuart varney,FOXNEWS,"7,946"
sarah palin,,"7,925"
jenna lee,,"7,923"
kim jong-un,,"7,891"
cory booker,,"7,818"
ana navarro,,"7,803"
richard engel,MSNBC,"7,790"
charles payne,FOXNEWS,"7,768"
keith olbermann,MSNBC,"7,768"
karen finney,,"7,733"
martin bashir,MSNBC,"7,731"
t j holmes,CNN,"7,728"
paul begala,,"7,661"
pete buttigieg,,"7,587"
john stossel,FOXNEWS,"7,561"
mike emanuel,FOXNEWS,"7,561"
herman cain,,"7,547"
joe johns,CNN,"7,528"
mike pompeo,,"7,485"
stephen moore,,"7,379"
karlheinz kopf,,"7,322"
michael d cohen,,"7,303"
kayleigh mcenany,,"7,287"
melissa francis,FOXNEWS,"7,248"
suzanne malveaux,CNN,"7,244"
katie pavlich,FOXNEWS,"7,215"
paul gigot,FOXNEWS,"7,168"
pete williams,MSNBC,"7,167"
reince priebus,,"7,130"
dylan ratigan,MSNBC,"7,099"
maria bartiromo,FOXNEWS,"6,974"
jedediah bila,FOXNEWS,"6,972"
pamela brown,CNN,"6,972"
eric swalwell,,"6,851"
erica hill,CNN,"6,826"
julie banderas,FOXNEWS,"6,806"
rosemary church,CNN,"6,768"
jerrold nadler,,"6,763"
peter t king,,"6,744"
jon meacham,,"6,715"
alison kosik,CNN,"6,709"
ezra klein,,"6,707"
juliette kayyem,,"6,624"
christi paul,CNN,"6,622"
anthony s fauci,,"6,614"
kevin mccarthy,,"6,604"
mark levin,FOXNEWS,"6,590"
alan dershowitz,,"6,577"
april ryan,,"6,537"
william kristol,,"6,523"
peter alexander,MSNBC,"6,491"
george w bush,,"6,486"
carl cameron,,"6,462"
david chalian,,"6,462"
michael t flynn,,"6,430"
krystal ball,MSNBC,"6,329"
ryan lizza,,"6,293"
martin savidge,CNN,"6,232"
ben ferguson,,"6,175"
byron york,FOXNEWS,"6,167"
jay carney,,"6,086"
kyra phillips,CNN,"6,045"
jeff lord,,"5,982"
katherine timpf,FOXNEWS,"5,963"
douglas schoen,,"5,962"
ed rendell,,"5,952"
benjamin netanyahu,,"5,946"
richard quest,CNN,"5,942"
peter doocy,FOXNEWS,"5,936"
amy klobuchar,,"5,917"
richard blumenthal,,"5,914"
devin nunes,,"5,886"
tammy bruce,FOXNEWS,"5,870"
trey gowdy,,"5,814"
soledad obrien,CNN,"5,780"
george zimmerman,,"5,741"
scott walker,,"5,730"
sandra smith,FOXNEWS,"5,710"
drew griffin,CNN,"5,660"
darrell issa,,"5,653"
ron paul,,"5,652"
steve schmidt,,"5,625"
luke russert,,"5,605"
jose diaz-balart,MSNBC,"5,581"
ann coulter,,"5,576"
howard dean,,"5,534"
leslie marshall,FOXNEWS,"5,450"
kennedy,,"5,449"
chris coons,,"5,437"
bakari sellers,,"5,368"
charles hurt,,"5,334"
larry king,CNN,"5,332"
joan walsh,,"5,287"
stephen f hayes,,"5,260"
larry sabato,,"5,257"
elijah cummings,,"5,256"
jim jordan,,"5,226"
monica crowley,FOXNEWS,"5,195"
john harwood,,"5,174"
s e cupp,CNN,"5,167"
jeremy bash,,"5,142"
chris van hollen,,"5,131"
ari fleischer,FOXNEWS,"5,124"
josh earnest,,"5,088"
paul manafort,,"5,075"
jonathan alter,,"5,032"
anthony scaramucci,,"5,009"
abby huntsman,"FOXNEWS, MSNBC","4,994"
christiane amanpour,CNN,"4,950"
deborah feyerick,CNN,"4,914"
mike rogers,CNN,"4,896"
frederik pleitgen,CNN,"4,884"
elisabeth hasselbeck,FOXNEWS,"4,883"
john o brennan,,"4,854"
michael bloomberg,,"4,845"
carl bernstein,,"4,816"
eric holder,,"4,803"
pat buchanan,,"4,798"
bernard goldberg,,"4,797"
tim kaine,,"4,794"
jay sekulow,,"4,783"
brett kavanaugh,,"4,781"
nick paton walsh,CNN,"4,741"
eliot spitzer,,"4,736"
douglas brinkley,,"4,730"
dennis miller,,"4,726"
e j dionne,,"4,724"
heather nauert,,"4,724"
harry reid,,"4,718"
marc lamont hill,,"4,679"
mark steyn,,"4,668"
carly fiorina,,"4,663"
isabel gemio,,"4,659"
bill de blasio,,"4,657"
jamie colby,,"4,629"
donna brazile,,"4,618"
angela rye,,"4,599"
kelly odonnell,MSNBC,"4,571"
jessica yellin,CNN,"4,546"
william devane,,"4,543"
rick perry,,"4,539"
mary katharine ham,,"4,528"
claire mccaskill,,"4,524"
kimberley strassel,FOXNEWS,"4,512"
michelle obama,,"4,482"
austan goolsbee,,"4,475"
malcolm nance,,"4,468"
kelly wright,FOXNEWS,"4,467"
john barrasso,,"4,450"
anna kooiman,FOXNEWS,"4,394"
chris murphy,,"4,389"
rick wilson,,"4,387"
michael eric dyson,,"4,320"
james clapper,,"4,318"
richard n haass,,"4,301"
richard wolffe,,"4,269"
dick morris,,"4,257"
richard a fowler,,"4,229"
allen west,,"4,225"
david ignatius,,"4,216"
john vause,CNN,"4,215"
john dean,,"4,184"
sebastian gorka,,"4,173"
touré,,"4,155"
john kirby,,"4,148"
eric cantor,,"4,136"
david frum,,"4,121"
michael isikoff,,"4,095"
robert gibbs,,"4,079"
james rosen,,"4,063"
donny deutsch,MSNBC,"4,059"
steve scalise,,"4,044"
robert baer,,"4,042"
jim clyburn,,"4,040"
jared kushner,,"4,036"
dianne feinstein,,"4,029"
dagen mcdowell,FOXNEWS,"4,027"
errol barnett,CNN,"4,001"
ben wedeman,CNN,"3,988"
james carville,,"3,978"
alan colmes,FOXNEWS,"3,968"
isha sesay,,"3,961"
w kamau bell,CNN,"3,961"
guy benson,FOXNEWS,"3,955"
jack kingston,,"3,950"
dzhokhar a tsarnaev,,"3,938"
melania trump,,"3,920"
jason a johnson,,"3,919"
ken cuccinelli,,"3,908"
dana loesch,,"3,847"
mark omara,,"3,847"
steny hoyer,,"3,845"
steven mnuchin,,"3,842"
joe trippi,,"3,831"
anthony weiner,,"3,811"
joe manchin,,"3,771"
jennifer rubin,,"3,758"
michelle malkin,,"3,749"
daniel henninger,FOXNEWS,"3,740"
michael mcfaul,,"3,729"
jennifer griffin,FOXNEWS,"3,718"
tom steyer,,"3,709"
bob corker,,"3,705"
haley barbour,,"3,695"
leon panetta,,"3,692"
sunny hostin,,"3,669"
donald trump jr,,"3,667"
mike baker,,"3,647"
stephen k bannon,,"3,643"
marie harf,,"3,638"
susan page,,"3,636"
rex w tillerson,,"3,606"
debbie wasserman schultz,,"3,577"
mark meadows,,"3,563"
ralph peters,,"3,532"
bob menendez,,"3,530"
michael moore,,"3,524"
kirsten gillibrand,,"3,516"
erick erickson,,"3,502"
corey lewandowski,,"3,499"
brodus clay,,"3,484"
charlie sykes,,"3,476"
michelle kosinski,CNN,"3,446"
ron johnson,,"3,445"
jonathan nolan,,"3,434"
robert reich,,"3,430"
michael hayden,,"3,429"
matt gaetz,,"3,427"
frances townsend,,"3,424"
dana milbank,,"3,417"
steven rattner,,"3,413"
sherrod brown,,"3,412"
hugh hewitt,,"3,405"
keith morrison,,"3,399"
raymond arroyo,FOXNEWS,"3,386"
amanda carpenter,,"3,341"
jeffrey goldberg,,"3,334"
susan rice,,"3,333"
gordon g chang,,"3,303"
hakeem jeffries,,"3,303"
kyung lah,CNN,"3,288"
mike lee,,"3,285"
ed rollins,FOXNEWS,"3,279"
susan collins,,"3,267"
john cornyn,,"3,262"
david asman,FOXNEWS,"3,260"
kate snow,MSNBC,"3,259"
mollie hemingway,,"3,247"
frank luntz,,"3,242"
maxine waters,,"3,237"
neera tanden,,"3,231"
judith miller,FOXNEWS,"3,226"
charlie dent,,"3,217"
vadim gluzman,,"3,207"
kiran chetry,CNN,"3,203"
kevin corke,FOXNEWS,"3,198"
bob woodward,,"3,194"
eddie glaude,,"3,166"
mark warner,,"3,163"
katrina pierson,,"3,160"
ronald reagan,,"3,155"
mercedes schlapp,,"3,152"
david cay johnston,,"3,143"
arwa damon,CNN,"3,140"
john garamendi,,"3,120"
elizabeth cohen,CNN,"3,111"
charles m blow,,"3,109"
scott brown,,"3,103"
katty kay,,"3,098"
tom price,,"3,098"
lori greiner,,"3,096"
ron desantis,,"3,094"
ben cardin,,"3,092"
edward snowden,,"3,091"
jvee casio,,"3,081"
jennifer granholm,,"3,077"
rich lowry,FOXNEWS,"3,077"
roger stone,,"3,076"
lou dobbs,CNN,"3,074"
max boot,,"3,070"
john f kelly,,"3,069"
jon stewart,,"3,054"
beto orourke,,"3,047"
contessa brewer,MSNBC,"3,039"
nikki haley,,"3,035"
rick scott,,"3,034"
lis wiehl,,"2,999"
cenk uygur,,"2,997"
barney frank,,"2,987"
julián castro,,"2,975"
richard grenell,,"2,965"
jeff flake,,"2,960"
mike viqueira,MSNBC,"2,959"
kathleen sebelius,,"2,953"
angus king,,"2,951"
uma pemmaraju,FOXNEWS,"2,947"
patrick caddell,,"2,941"
neal katyal,,"2,935"
ben stein,,"2,927"
janice dean,FOXNEWS,"2,906"
harold ford jr,,"2,898"
trish regan,FOXNEWS,"2,895"
charlie gasparino,FOXNEWS,"2,890"
sheila jackson lee,,"2,869"
frank bruni,,"2,853"
frances rivera,MSNBC,"2,842"
joe theismann,,"2,835"
tom cotton,,"2,831"
tim williams,,"2,826"
patti ann browne,,"2,824"
margaret hoover,,"2,812"
ryan mcdonough,,"2,792"
tom foreman,CNN,"2,792"
benjamin crump,,"2,789"
jen psaki,,"2,787"
john thune,,"2,774"
zoraida sambolin,,"2,774"
jack cafferty,,"2,769"
margaret nagle,,"2,759"
jon huntsman jr,,"2,739"
peter bergen,,"2,737"
bill richardson,,"2,727"
josh barro,,"2,725"
chuck grassley,,"2,721"
jason miller,,"2,719"
keith ellison,,"2,715"
k t mcfarland,,"2,700"
jim himes,,"2,691"
jackie speier,,"2,684"
bill maher,,"2,677"
tim pawlenty,,"2,667"
rush limbaugh,,"2,666"
chuck hagel,,"2,661"
bianna golodryga,CNN,"2,654"
joanne nosuchinsky,,"2,644"
jacob soboroff,,"2,643"
lisa ling,CNN,"2,637"
james mattis,,"2,630"
george will,,"2,629"
jonah goldberg,,"2,623"
tom selleck,,"2,622"
tim ryan,,"2,619"
nicholas kristof,,"2,615"
carlos lópez-cantera,,"2,610"
fred thompson,,"2,597"
ivanka trump,,"2,595"
jackie kucinich,,"2,583"
peter beinart,,"2,573"
steve king,,"2,568"
megalyn echikunwoke,,"2,567"
savannah guthrie,MSNBC,"2,557"
joaquin castro,,"2,547"
clarissa ward,CNN,"2,545"
doug collins,,"2,545"
tim scott,,"2,534"
oliver north,,"2,530"
david cicilline,,"2,527"
hilary rosen,,"2,517"
bob hope,,"2,510"
maria timmer,,"2,507"
drew pinsky,,"2,499"
monika jaruzelska,,"2,491"
betty nguyen,MSNBC,"2,489"
bobby jindal,,"2,486"
george h w bush,,"2,484"
dean obeidallah,,"2,476"
donna edwards,,"2,465"
stephen colbert,,"2,462"
max foster,CNN,"2,458"
ruth bader ginsburg,,"2,457"
jimmy fallon,,"2,456"
tom perez,,"2,452"
ted lieu,,"2,449"
steven clemons,,"2,445"
felicity huffman,,"2,441"
bob mcdonnell,,"2,418"
john neely kennedy,,"2,417"
gary tuchman,CNN,"2,413"
jeff merkley,,"2,412"
lee zeldin,,"2,412"
david jolly,,"2,404"
jim miklaszewski,,"2,399"
phil keating,FOXNEWS,"2,395"
jeh johnson,,"2,386"
ruth marcus,,"2,386"
mick mulvaney,,"2,384"
sean duffy,,"2,384"
mark mckinnon,,"2,381"
keith boykin,,"2,374"
john walsh,CNN,"2,358"
louie gohmert,,"2,355"
michael beschloss,,"2,343"
mazie hirono,,"2,326"
joe lieberman,,"2,325"
buck sexton,,"2,318"
orrin hatch,,"2,317"
nina turner,,"2,309"
liz macdonald,,"2,305"
wendy walsh,,"2,304"
jill dougherty,,"2,303"
ben rhodes,,"2,300"
kendis gibson,,"2,272"
alex trebek,,"2,269"
juliet huddy,,"2,267"
dennis kucinich,,"2,261"
steve cohen,,"2,261"
jean casarez,CNN,"2,254"
karen bass,,"2,243"
al franken,,"2,229"
r nicholas burns,,"2,224"
greg abbott,,"2,214"
ron klain,,"2,213"
john lewis,,"2,210"
neil gorsuch,,"2,209"
michiel veenstra,,"2,205"
michael mccaul,,"2,204"
laura ingle,FOXNEWS,"2,202"
david e sanger,,"2,201"
john h sununu,,"2,191"
mark zuckerberg,,"2,186"
lisa bloom,,"2,182"
dick cheney,,"2,181"
charles rangel,,"2,178"
titus welliver,,"2,176"
ronan farrow,MSNBC,"2,172"
lz granderson,,"2,159"
kathleen parker,CNN,"2,154"
luis gutiérrez,,"2,150"
daniel samper ospina,,"2,146"
loretta lynch,,"2,145"
timothy naftali,,"2,145"
marie osmond,,"2,142"
david petraeus,,"2,137"
dan rather,,"2,135"
tom brokaw,MSNBC,"2,130"
gary johnson,,"2,129"
robert gates,,"2,114"
bret stephens,,"2,108"
molly line,FOXNEWS,"2,106"
cheryl casone,FOXNEWS,"2,104"
brenda buttner,FOXNEWS,"2,097"
ezekiel emanuel,,"2,089"
rob portman,,"2,079"
larry elder,,"2,076"
dennis haysbert,,"2,074"
rahm emanuel,,"2,070"
thomas l friedman,,"2,068"
tom coburn,,"2,068"
mo brooks,,"2,060"
devon weigel,,"2,047"
preet bharara,,"2,036"
ed markey,,"2,035"
keith ablow,,"2,033"
jan brewer,,"2,025"
amy holmes,,"2,023"
antonin scalia,,"2,008"
david bossie,,"2,006"
rachel nichols,CNN,"2,006"
julie roginsky,,"2,002"
scottie nell hughes,,"2,001"
osama bin laden,,"1,999"
ron reagan,,"1,998"
john nichols,,"1,981"
alicia menendez,,"1,978"
aaron david miller,,"1,975"
dana white,,"1,973"
lawrence kudlow,,"1,973"
bill cosby,,"1,970"
evan mcmullin,,"1,969"
george foreman,,"1,961"
martin omalley,,"1,958"
richard stengel,,"1,955"
dan lothian,,"1,947"
gerri willis,FOXNEWS,"1,945"
tom frieden,,"1,944"
john hickenlooper,,"1,943"
patrick leahy,,"1,931"
mark sanford,,"1,928"
marisa tomei,,"1,922"
adrienne janic,,"1,918"
gloria allred,,"1,911"
rutanya alda,,"1,910"
campbell brown,CNN,"1,899"
earl hamner jr,,"1,895"
walid phares,FOXNEWS,"1,886"
sheldon whitehouse,,"1,878"
mark fuhrman,FOXNEWS,"1,877"
jerry hoffmann,,"1,873"
major garrett,,"1,871"
val demings,,"1,871"
ken starr,,"1,868"
steve israel,,"1,863"
debbie dingell,,"1,859"
ilhan omar,,"1,855"
james lankford,,"1,855"
ashley monroe,,"1,854"
peter navarro,,"1,852"
kristen soltis anderson,FOXNEWS,"1,842"
tulsi gabbard,,"1,838"
bill press,,"1,830"
grover norquist,,"1,830"
rob marciano,,"1,822"
christopher r hill,,"1,812"
steve forbes,,"1,806"
jeffrey epstein,,"1,798"
ben shapiro,,"1,797"
anna coren,,"1,796"
barbara lee,,"1,795"
goldie taylor,,"1,794"
susan candiotti,,"1,791"
colin powell,,"1,790"
michael nutter,,"1,788"
david cameron,,"1,786"
chuck woolery,,"1,784"
xavier becerra,,"1,782"
aji santoso,,"1,774"
jim demint,,"1,762"
xi jinping,,"1,760"
donald sterling,,"1,757"
sally kohn,,"1,757"
andy biggs,,"1,748"
wendy sherman,,"1,748"
molly henneberg,FOXNEWS,"1,745"
victor davis hanson,,"1,741"
chris collins,,"1,736"
marc morial,,"1,736"
casey stegall,FOXNEWS,"1,734"
hala gorani,CNN,"1,730"
julian assange,,"1,728"
michael weiss,,"1,723"
tony blinken,,"1,720"
james g stavridis,,"1,712"
gregory meeks,,"1,710"
ro khanna,,"1,709"
rob oneill,,"1,703"
ron fournier,,"1,698"
joão mário,,"1,696"
lester holt,MSNBC,"1,695"
jay leno,,"1,692"
roland martin,,"1,688"
terry mcauliffe,,"1,679"
john ratcliffe,,"1,676"
ash carter,,"1,674"
scott pruitt,,"1,672"
kathy griffin,,"1,671"
wendy davis,,"1,671"
ann romney,,"1,663"
christopher dickey,,"1,657"
condoleezza rice,,"1,657"
emmanuel macron,,"1,656"
kelly ayotte,,"1,653"
mara liasson,FOXNEWS,"1,653"
elena kagan,,"1,646"
adam housley,,"1,644"
barbara boxer,,"1,642"
benjamin jealous,,"1,640"
eric trump,,"1,640"
robert jeffress,FOXNEWS,"1,639"
glenn greenwald,,"1,638"
nischelle turner,,"1,638"
sevyn streeter,,"1,638"
dan kildee,,"1,637"
stephanie cutter,CNN,"1,635"
joe arpaio,,"1,633"
william bennett,FOXNEWS,"1,628"
wayne lapierre,,"1,627"
howard davies,,"1,621"
lynn smith,"CNN, MSNBC","1,621"
pam bondi,,"1,621"
deval patrick,,"1,620"
richard nixon,,"1,615"
bernard mcguirk,,"1,613"
meghan mccain,,"1,605"
jane harman,,"1,602"
john yoo,,"1,601"
bob casey jr,,"1,600"
sara sidner,CNN,"1,596"
tom costello,MSNBC,"1,596"
kerry sanders,MSNBC,"1,594"
bram moszkowicz,,"1,592"
david s rohde,,"1,592"
kevin brady,,"1,585"
pat toomey,,"1,578"
william bratton,,"1,577"
nancy grace,,"1,572"
fred clark,,"1,571"
bill cassidy,,"1,569"
tony perkins,,"1,567"
oprah winfrey,,"1,566"
dan coats,,"1,558"
mary matalin,,"1,557"
sarah haskins,,"1,556"
jimmy carter,,"1,555"
nora berra,,"1,554"
eliot engel,,"1,551"
sam seder,,"1,551"
mark geragos,,"1,549"
roy blunt,,"1,544"
brian fallon,,"1,539"
matthew davis,,"1,537"
chris stewart,,"1,535"
bob goodlatte,,"1,533"
will hurd,,"1,533"
bill neely,MSNBC,"1,527"
harvey levin,,"1,522"
jesse jackson,,"1,520"
pramila jayapal,,"1,520"
ron wyden,,"1,519"
david clarke,,"1,516"
wesley clark,,"1,513"
david plouffe,,"1,512"
dinesh dsouza,,"1,512"
l brent bozell jr,,"1,510"
peter welch,,"1,510"
gerry connolly,,"1,505"
bashar al-assad,,"1,503"
ed royce,,"1,503"
mike murphy,,"1,503"
amy walter,,"1,498"
tom cole,,"1,498"
ingrid van bergen,,"1,496"
bill burton,,"1,492"
marie l yovanovitch,,"1,490"
doris kearns goodwin,,"1,489"
ellis henican,FOXNEWS,"1,484"
alyssa milano,,"1,482"
sharron davies,,"1,482"
matt welch,,"1,480"
vittorio feltri,,"1,474"
john f kennedy,,"1,473"
peter schweizer,,"1,470"
elizabeth prann,FOXNEWS,"1,468"
joe madison,,"1,467"
donald rumsfeld,,"1,463"
stephen miller,,"1,462"
paz padilla,,"1,458"
jamie gangel,CNN,"1,453"
r james woolsey jr,,"1,449"
wolter kroes,,"1,447"
joseph s lacob,,"1,442"
robby mook,,"1,438"
o j simpson,,"1,437"
joni ernst,,"1,433"
zain verjee,CNN,"1,432"
rebecca berg,,"1,431"
clarence page,,"1,430"
zain asher,CNN,"1,430"
henk poort,,"1,428"
andrew ross sorkin,MSNBC,"1,418"
mahmoud ahmadinejad,,"1,418"
mehmet oz,,"1,418"
lisa murkowski,,"1,416"
jennifer aniston,,"1,414"
alex ferrer,,"1,413"
emanuel cleaver,,"1,413"
zuhdi jasser,,"1,413"
angela mcglowan,FOXNEWS,"1,410"
jamie raskin,,"1,407"
harvey weinstein,,"1,403"
cate edwards,,"1,402"
thomas mcguane,,"1,400"
franklin graham,,"1,398"
elizabeth gutiérrez,,"1,397"
anne nurmi,,"1,391"
jehmu greene,FOXNEWS,"1,387"
al gore,,"1,383"
michael mukasey,,"1,381"
ana marie cox,,"1,378"
katrina vanden heuvel,,"1,377"
nina easton,,"1,375"
ryan reynolds,,"1,375"
richard burr,,"1,373"
alec baldwin,MSNBC,"1,372"
patty murray,,"1,372"
michelle bernard,,"1,362"
cory gardner,,"1,359"
joseph crowley,,"1,355"
seth moulton,,"1,354"
christine odonnell,,"1,344"
stanis?aw mikulski,,"1,343"
gavin mcinnes,,"1,340"
chrystia freeland,,"1,339"
daniel pfeiffer,,"1,338"
mark rathbun,,"1,337"
andrew gillum,,"1,335"
janet napolitano,,"1,335"
debbie stabenow,,"1,330"
john delaney,,"1,325"
david weigel,,"1,324"
attilio tesser,,"1,323"
dann huff,,"1,319"
michael baden,FOXNEWS,"1,319"
theresa may,,"1,319"
john fund,FOXNEWS,"1,313"
jacqueline bracamontes,,"1,311"
brian sullivan,MSNBC,"1,310"
roy moore,,"1,305"
hassan rouhani,,"1,304"
george pataki,,"1,298"
pope francis,,"1,287"
jes macallan,,"1,286"
omarosa manigault,,"1,285"
grzegorz braun,,"1,283"
kevin chamberlin,,"1,281"
agnes baltsa,,"1,278"
arne duncan,,"1,276"
tarique rahman,,"1,273"
paula newton,CNN,"1,268"
valerie jarrett,,"1,268"
boris johnson,,"1,267"
bernard kerik,,"1,265"
norah odonnell,,"1,262"
bo dietl,,"1,261"
burghart klaussner,,"1,261"
peggy noonan,,"1,258"
brad wall,,"1,257"
zane,,"1,257"
bill nelson,,"1,254"
jean-paul salomé,,"1,252"
jose baez,,"1,250"
jon cryer,,"1,249"
ralph northam,,"1,248"
angela merkel,,"1,247"
gavin newsom,,"1,244"
kathleen aerts,,"1,242"
morgan spurlock,CNN,"1,241"
michael c burgess,,"1,240"
theresa caputo,,"1,240"
valérie lemercier,,"1,240"
jack reed,,"1,235"
cathy mcmorris rodgers,,"1,232"
nomiki konst,,"1,232"
jay inslee,,"1,230"
cecile richards,,"1,224"
mark kelly,,"1,219"
cornel west,,"1,217"
peter hamby,,"1,216"
mitch landrieu,,"1,215"
marians pahars,,"1,213"
josh mankiewicz,MSNBC,"1,211"
benjamin e sasse,,"1,208"
bill gates,,"1,208"
betsy devos,,"1,207"
mary bono,,"1,205"
kris kobach,,"1,200"
bob rae,,"1,199"
joy bryant,,"1,197"
charlie crist,,"1,196"
arthur laffer,,"1,194"
ian bremmer,,"1,193"
john zarrella,,"1,192"
jon kyl,,"1,192"
norman lamb,,"1,192"
ivan vladislavic,,"1,191"
william cohen,,"1,190"
jill biden,,"1,187"
tomi lahren,FOXNEWS,"1,187"
andrew card,,"1,181"
mela lee,,"1,181"
christophe hondelatte,,"1,178"
jerome corsi,,"1,178"
joe sestak,,"1,178"
jon ralston,,"1,178"
mark penn,,"1,176"
susan hendricks,CNN,"1,173"
andré bauer,,"1,172"
sean patrick maloney,,"1,172"
prince william duke of cambridge,,"1,171"
chris hansen,,"1,170"
jack quinn,,"1,165"
phil mcgraw,,"1,164"
seth godin,,"1,162"
kevin hassett,,"1,159"
john yarmuth,,"1,156"
howard hesseman,,"1,153"
joe walsh,,"1,151"
karen tumulty,,"1,151"
mark regev,,"1,150"
jussie smollett,,"1,149"
mara schiavocampo,MSNBC,"1,149"
arnold schwarzenegger,,"1,148"
william f weld,,"1,148"
nigel farage,,"1,146"
patrick murphy,,"1,145"
mark cuban,,"1,141"
michael reagan,,"1,140"
lawrence s stroll,,"1,134"
sarah chalke,,"1,132"
arianna huffington,,"1,131"
víctor trujillo,,"1,127"
paul babeu,,"1,123"
tamara holder,,"1,123"
bob costas,,"1,121"
john podesta,,"1,121"
dan senor,,"1,117"
eric bristow,,"1,114"
jeanne shaheen,,"1,113"
timothy geithner,,"1,113"
roger goodell,,"1,112"
ronald perelman,,"1,112"
scott rasmussen,,"1,112"
anwar al-awlaki,,"1,111"
oscar pistorius,,"1,111"
john podhoretz,,"1,110"
martha mcsally,,"1,108"
mitch daniels,,"1,108"
ted danson,,"1,108"
jerry brown,,"1,107"
thom tillis,,"1,107"
licia albanese,,"1,106"
david fahrenthold,,"1,096"
kirsty wark,,"1,096"
ron insana,,"1,095"
toni garrido,,"1,094"
mike jerrick,,"1,093"
philip j crowley,,"1,091"
alan oppenheimer,,"1,087"
jim mcgovern,,"1,087"
saxby chambliss,,"1,086"
christian karembeu,,"1,085"
hella joof,,"1,085"
james risch,,"1,084"
sherrod small,,"1,083"
martin luther king jr,,"1,080"
naomi,,"1,079"
ytalo,,"1,079"
joe arroyo,,"1,075"
lamar alexander,,"1,074"
wilbur ross,,"1,074"
nelson mandela,,"1,071"
bill weir,CNN,"1,070"
liz cheney,,"1,069"
tony blair,,"1,069"
randi weingarten,,"1,067"
rich eisen,,"1,067"
rachel campos-duffy,FOXNEWS,"1,066"
rob ford,,"1,065"
bouabdellah tahri,,"1,063"
jonas max ferris,,"1,063"
john edwards,,"1,061"
dan patrick,,"1,058"
laurence tribe,,"1,057"
alex muyl,,"1,056"
carolyn maloney,,"1,054"
shefali oza,,"1,054"
faith jenkins,,"1,053"
michael weatherly,,"1,049"
norman l eisen,,"1,049"
jeffrey sachs,,"1,048"
eleanor holmes norton,,"1,047"
jorge ramos,,"1,047"
dean cain,,"1,041"
jennifer love hewitt,,"1,041"
dakore akande,,"1,040"
jim norton,,"1,040"
rod blagojevich,,"1,036"
josh hawley,,"1,034"
jimmy kimmel,,"1,033"
kevin martin,,"1,032"
carlos curbelo,,"1,031"
ron mott,MSNBC,"1,030"
steve bullock,,"1,027"
christine baranski,,"1,026"
barbara bush,,"1,024"
aisha hinds,,"1,022"
beverley callard,,"1,020"
mike gallagher,,"1,020"
mia love,,"1,018"
dennis murphy,,"1,016"
cedric richmond,,"1,015"
amara walker,CNN,"1,010"
jelani cobb,,"1,010"
jim inhofe,,"1,010"
glenn thrush,,"1,002"
michelle fields,,"1,000"
jean charest,,999
mike papantonio,,999
kim dickens,,998
armaan kohli,,997
lois lerner,,993
shinz? abe,,993
jamal khashoggi,,992
mike turner,,990
tom reed,,990
conan obrien,,988
xosé luís méndez ferrín,,986
bowe bergdahl,,985
lars larson,,985
tavis smiley,,983
joan rivers,,978
alan grayson,,977
dave zirin,,977
david schmidtz,,974
michael grimm,,971
prince harry,,971
veronica de la cruz,,971
wael kfoury,,971
antonio villaraigosa,,970
evan bayh,,969
jeffrey donovan,,969
eric garcetti,,967
rebecca quick,,965
rick snyder,,965
tom ridge,,965
james gandolfini,,963
conrad murray,,962
charlie sheen,,960
jon tester,,960
dave brat,,956
jim mcdermott,,956
sara ganim,,955
stuart stevens,,955
anthony kennedy,,954
giselle itié,,954
kim zolciak,,953
dannel malloy,,952
matt lauer,MSNBC,950
frank rich,,949
andré carson,,946
rafael pardo rueda,,946
denis mcdonough,,942
jesse ventura,,942
roy walker,,941
william shatner,,941
bonnie schneider,,940
henry cuellar,,940
ted deutch,,940
radu beligan,,939
ron dermer,,937
heinz conrads,,934
rick warren,,934
gene sperling,,933
jonathan gruber,,933
jack lew,,932
stephanie gosk,MSNBC,932
richard belzer,,930
eleanor clift,,924
duncan d hunter,,922
julie walters,,922
alberto gonzales,,921
karl-heinz feldkamp,,919
ross douthat,,918
jeb hensarling,,915
mark leibovich,,913
george clooney,,912
marilyn mosby,,912
ralph reed,,910
aaron hernandez,,909
michael mullen,,909
kay bailey hutchison,,908
ed gillespie,,907
michael oren,,905
leigh-allyn baker,,904
mike rowe,CNN,904
trent franks,,904
zbigniew brzezinski,,904
joe klein,,897
raúl grijalva,,895
howard schultz,,894
nikki glaser,,891
alexander acosta,,889
walter isaacson,,889
celine dion,,888
tracy byrnes,,888
charlie pierce,,887
ted yoho,,885
bert koenders,,883
mike rounds,,883
johnny cash,,882
pete hoekstra,,882
vonda shepard,,881
currie graham,,879
donald norcross,,878
eric boehlert,,878
ruben gallego,,875
stephanie rawlings-blake,,873
jason rezaian,,872
sean penn,,872
david brooks,,871
kim coles,,871
loretta sanchez,,871
dennis prager,,870
tommy lee jones,,869
martha reeves,,868
cal thomas,FOXNEWS,865
montel williams,,864
rini soemarno,,864
asa hutchinson,,863
gretchen whitmer,,863
jessi cruickshank,,863
leleti khumalo,,860
orrin evans,,859
dave ramsey,,858
maciej koz?owski,,858
penn jillette,,857
seth meyers,,857
peter gilmore,,853
bianca berlinguer,,846
joan sanderson,,846
paige turco,,846
richard e besser,,846
scott taylor,,845
sinach,,845
bastiaan ragas,,843
bill nye,,843
jerome allen,,840
whoopi goldberg,,840
rob reiner,,839
sherrilyn ifill,,839
bruce gaitsch,,838
morgan radford,,838
lara logan,,837
john mica,,836
joel osteen,,834
madeleine albright,,833
chris plante,,830
gina carano,,828
beth carvalho,,826
michael wolff,,826
kristi noem,,825
j christopher stevens,,822
rikard norling,,821
aaron douglas,,819
becky anderson,CNN,818
gary cohn,,818
gonzalo rubalcaba,,818
adam smith,,814
brad sherman,,814
mohammad javad zarif,,814
yannis stournaras,,814
michael tomasky,,813
hamid karzai,,809
joe lockhart,,809
kimberly dozier,,807
recep tayyip erdo?an,,807
peter thiel,,806
francis rooney,,805
françois hollande,,805
frank j tipler,,804
prince seeiso of lesotho,,803
kaisei ichir?,,802
justin trudeau,,801
bert karlsson,,800
gerald washington,,800
james rubin,,799
sergey lavrov,,799
tamerlan tsarnaev,,798
ryan stout,,797
anthony cumia,,795
bucie,,794
al green,,793
manny alvarez,FOXNEWS,793
laura bush,,790
patrick warburton,,790
brigitte gabriel,,789
huma abedin,,789
alan k simpson,,787
ramazan abdulatipov,,785
michael chiklis,,784
jay nixon,,783
roberto gatto,,781
mac thornberry,,780
james alan shelton,,779
kevin spacey,,778
jon culshaw,,776
norman ornstein,,775
david limbaugh,,774
zoe lofgren,,774
david shulkin,,772
mike johnson,,772
susanna reid,,772
estelle,,771
kevin rahm,,771
paul krugman,,771
fabio lanzoni,,769
george stephanopoulos,,769
tom mcclintock,,769
phil robertson,,766
fred barnes,FOXNEWS,765
matthew continetti,,765
jordan sekulow,,764
morgan freeman,,764
shirley sherrod,,764
george oleary,,763
nana mouskouri,,761
amanda knox,,756
moon jae-in,,756
willie brown,,756
dean norris,,755
joyce beatty,,755
samuel l jackson,,755
andy cohen,,754
mike quigley,,752
antoine fuqua,,751
natalie morales,MSNBC,749
ted strickland,,749
elena barolo,,748
stephen a smith,,747
ben bernanke,,743
jack welch,,743
reinhard bütikofer,,743
wylie dufresne,,743
mark wahlberg,,740
rick ungar,,740
shelby holliday,,740
aaron schock,,739
cornell william brooks,,739
elizabeth edwards,,739
judd gregg,,739
humphrey bogart,,738
pat quinn,,738
ana mato,,737
jim webb,,736
kim cattrall,,734
thierry frémaux,,733
eruviel ávila villegas,,732
katrin göring-eckardt,,732
tom hanks,,731
chesley sullenberger,,730
lacey chabert,,730
nidal hasan,,730
connell mcshane,,729
stanley a mcchrystal,,729
john yang,,728
jonathan karl,,728
qasem soleimani,,726
julieta zylberberg,,724
tammy baldwin,,724
steve gibson,,723
andrew breitbart,,722
angie harmon,,722
dave rubin,,722
ryan costello,,722
tamara keith,,722
chris dodd,,721
phi nhung,,721
salah abdeslam,,721
simona caparrini,,721
christel alsos,,720
henrique meirelles,,717
ellen ratner,,715
sharyl attkisson,,714
boomer esiason,,713
evelyn champagne king,,713
chelsea clinton,,712
ignasius jonan,,707
harald welzer,,706
fabian almazan,,705
greg raymer,,702
richard trumka,,701
martin luther king iii,,700
sally bercow,,700
brian schweitzer,,699
jennifer welter,,698
rob long,,698
simon pagenaud,,698
william d cohan,,697
muammar gaddafi,,696
alex jones,,695
seth macfarlane,,695
maria hinojosa,,694
samantha power,,694
pat mccrory,,692
dennis ross,,691
tony hayward,,691
tony schwartz,,691
abu bakr al-baghdadi,,690
ken paxton,,690
barry nelson,,689
eric shinseki,,688
beau biden,,687
tiger woods,,687
andrea begley,,686
michael medved,,685
jaime harrison,,684
kenneth rogoff,,684
pamela geller,,684
shelley moore capito,,682
alex maskey,,681
farhat hached,,681
timothy m dolan,,681
tina andrews,,681
franco foda,,680
jared polis,,679
linda lindorff,,679
mike tyson,,679
jim clancy,,678
robert korzeniowski,,678
erin cardillo,,677
eleni foureira,,674
jose antonio vargas,,674
dean heller,,673
hetty koes endang,,673
johnny rutherford,,673
dan povenmire,,672
janet jackson,,672
jill stein,,672
tina brown,,672
paula zahn,,671
leela samson,,669
raúl labrador,,669
salvatore adamo,,669
kelsey grammer,,668
mariah carey,,666
andrzej seweryn,,665
jaymay,,665
whitney houston,,665
adam carolla,,664
kate mara,,663
lloyd doggett,,663
martha stewart,,663
brad wenstrup,,662
daniela luján,,661
mehdi hasan,,661
nikol švantnerová,,660
salman khan,,658
will ferrell,,658
sharon gilchrist,,657
james p oneill,,656
terry schappert,,655
eric holcomb,,654
jim messina,,654
maud mulder,,654
anne thompson,MSNBC,653
anne-marie slaughter,,653
silvan zingg,,653
lawrence summers,,652
william h mcraven,,651
lincoln chafee,,650
felix magath,,649
ken blackwell,,649
kaylee hartung,,648
ken buck,,646
tom goodman-hill,,646
esko kovero,,645
jeff bezos,,644
jim maceda,,642
arthur caplan,,640
gilmar dal pozzo,,640
dean winters,,639
james fallows,,639
paulo roberto falcão,,639
travis ford,,639
anthony sullivan,,638
larry the cable guy,,638
matt bevin,,638
sara duterte,,638
lauren green,FOXNEWS,637
tom rogan,,637
lawrence korb,,636
cynthia nixon,,635
mike coffman,,635
david brock,,634
ileana ros-lehtinen,,634
charles barkley,,633
jeff greenfield,,633
kokane,,633
philip d murphy,,633
justin amash,,632
kayla mueller,,632
eldar sætre,,631
amy matthews,,630
blanche lincoln,,630
danny danon,,630
todd starnes,,630
jeff hornacek,,629
barbara walters,,628
david linde,,628
john fugelsang,,627
lesley fera,,626
thorsten flinck,,626
jonathan chait,,624
zanele kamagwaza-msibi,,624
eric schneiderman,,623
jane fonda,,623
alan johnson,,621
diana degette,,621
jerry seinfeld,,621
lisa monaco,,621
roger schawinski,,621
faye tozer,,620
frank pallone,,620
magic johnson,,620
sam harris,,619
hayley westenra,,618
spike lee,,618
14th dalai lama,,617
miguel almaguer,MSNBC,616
amanda drury,,615
mary kissel,,615
casey johnson,,614
jillian michaels,,614
anton vaino,,613
david perdue,,613
marianne williamson,,613
robin williams,,613
sonia manzano,,613
martin crowe,,612
lebron james,,611
nick clegg,,611
ray lahood,,611
biz stone,,610
michael scheuer,,610
max hastings,,609
harry connick jr,,608
margot wallström,,608
jane lynch,,607
mohamed morsi,,607
rosie perez,,606
tyler perry,,606
christine todd whitman,,605
ryan zinke,,605
tim wise,,605
diane black,,604
greg stumbo,,604
howard stern,,604
benjamin wittes,,603
emil gilels,,603
john hoeven,,603
mozhan marnò,,603
nora salinas,,602
rod roddenberry,,602
